Workbook

Sheet לידים
A1: מס׳ ליד | B1: תאריך פנייה | C1: שם | D1: טלפון | E1: מקור | F1: מסלול | G1: ההודעה הראשונה (בקצרה) | H1: שלב | I1: הצעד הבא | J1: עד מתי | K1: תאריך שיחה | L1: קישור לסיכום שיחה | M1: מס׳ הצעה | N1: סכום הצעה ₪ | O1: סטטוס הצעה | P1: תשלום | Q1: סטטוס פרויקט | R1: השעות שלי | S1: למה לא המשיך | T1: הסכים שאחזור אליו | U1: הערות | V1: stage_rank
A2: =IF(C2="","","L-"&TEXT(ROW()-1,"0000")) | V2: =IF(H2="",0,IFERROR(MATCH(H2,'רשימות'!$A$2:$A$13,0),0))
A3: =IF(C3="","","L-"&TEXT(ROW()-1,"0000")) | V3: =IF(H3="",0,IFERROR(MATCH(H3,'רשימות'!$A$2:$A$13,0),0))
A4: =IF(C4="","","L-"&TEXT(ROW()-1,"0000")) | V4: =IF(H4="",0,IFERROR(MATCH(H4,'רשימות'!$A$2:$A$13,0),0))
A5: =IF(C5="","","L-"&TEXT(ROW()-1,"0000")) | V5: =IF(H5="",0,IFERROR(MATCH(H5,'רשימות'!$A$2:$A$13,0),0))
A6: =IF(C6="","","L-"&TEXT(ROW()-1,"0000")) | V6: =IF(H6="",0,IFERROR(MATCH(H6,'רשימות'!$A$2:$A$13,0),0))
A7: =IF(C7="","","L-"&TEXT(ROW()-1,"0000")) | V7: =IF(H7="",0,IFERROR(MATCH(H7,'רשימות'!$A$2:$A$13,0),0))
A8: =IF(C8="","","L-"&TEXT(ROW()-1,"0000")) | V8: =IF(H8="",0,IFERROR(MATCH(H8,'רשימות'!$A$2:$A$13,0),0))
A9: =IF(C9="","","L-"&TEXT(ROW()-1,"0000")) | V9: =IF(H9="",0,IFERROR(MATCH(H9,'רשימות'!$A$2:$A$13,0),0))
A10: =IF(C10="","","L-"&TEXT(ROW()-1,"0000")) | V10: =IF(H10="",0,IFERROR(MATCH(H10,'רשימות'!$A$2:$A$13,0),0))
A11: =IF(C11="","","L-"&TEXT(ROW()-1,"0000")) | V11: =IF(H11="",0,IFERROR(MATCH(H11,'רשימות'!$A$2:$A$13,0),0))
A12: =IF(C12="","","L-"&TEXT(ROW()-1,"0000")) | V12: =IF(H12="",0,IFERROR(MATCH(H12,'רשימות'!$A$2:$A$13,0),0))
A13: =IF(C13="","","L-"&TEXT(ROW()-1,"0000")) | V13: =IF(H13="",0,IFERROR(MATCH(H13,'רשימות'!$A$2:$A$13,0),0))
... A501: =IF(C501="","","L-"&TEXT(ROW()-1,"0000")) | V501: =IF(H501="",0,IFERROR(MATCH(H501,'רשימות'!$A$2:$A$13,0),0))

Sheet משפך
A1: משפך הלידים · מחושב לבד מהטבלה
A2: כל ליד נספר בשלב שבו הוא נמצא ובכל השלבים שלפניו. השבוע נקבע לפי תאריך הפנייה.
A4: לפי שבוע
A5: שבוע שמתחיל ב- | B5: לידים | C5: שיחות נקבעו | D5: שיחות התקיימו | E5: הצעות נשלחו | F5: נסגרו (אושרה) | G5: שולמו | H5: באוויר
A6: =TODAY()-WEEKDAY(TODAY())+1-7*0 | B6: =SUMPRODUCT(('לידים'!$C$2:$C$501<>"")*('לידים'!$B$2:$B$501>=$A6)*('לידים'!$B$2:$B$501<$A6+7)) | C6: =SUMPRODUCT(('לידים'!$C$2:$C$501<>"")*((('לידים'!$K$2:$K$501<>"")+('לידים'!$V$2:$V$501>=3)*('לידים'!$V$2:$V$501<=10))>0)*('לידים'!$B$2:$B$501>=$A6)*('לידים'!$B$2:$B$501<$A6+7)) | D6: =SUMPRODUCT(('לידים'!$C$2:$C$501<>"")*((('לידים'!$V$2:$V$501>=4)*('לידים'!$V$2:$V$501<=10)+('לידים'!$M$2:$M$501<>""))>0)*('לידים'!$B$2:$B$501>=$A6)*('לידים'!$B$2:$B$501<$A6+7)) | E6: =SUMPRODUCT(('לידים'!$C$2:$C$501<>"")*((('לידים'!$V$2:$V$501>=5)*('לידים'!$V$2:$V$501<=10)+('לידים'!$M$2:$M$501<>""))>0)*('לידים'!$B$2:$B$501>=$A6)*('לידים'!$B$2:$B$501<$A6+7)) | F6: =SUMPRODUCT(('לידים'!$C$2:$C$501<>"")*((('לידים'!$V$2:$V$501>=6)*('לידים'!$V$2:$V$501<=10)+('לידים'!$O$2:$O$501="אושרה"))>0)*('לידים'!$B$2:$B$501>=$A6)*('לידים'!$B$2:$B$501<$A6+7)) | G6: =SUMPRODUCT(('לידים'!$C$2:$C$501<>"")*((('לידים'!$V$2:$V$501>=7)*('לידים'!$V$2:$V$501<=10)+('לידים'!$P$2:$P$501="שולם"))>0)*('לידים'!$B$2:$B$501>=$A6)*('לידים'!$B$2:$B$501<$A6+7)) | H6: =SUMPRODUCT(('לידים'!$C$2:$C$501<>"")*('לידים'!$V$2:$V$501>=9)*('לידים'!$V$2:$V$501<=10)*('לידים'!$B$2:$B$501>=$A6)*('לידים'!$B$2:$B$501<$A6+7))
A7: =TODAY()-WEEKDAY(TODAY())+1-7*1 | B7: =SUMPRODUCT(('לידים'!$C$2:$C$501<>"")*('לידים'!$B$2:$B$501>=$A7)*('לידים'!$B$2:$B$501<$A7+7)) | C7: =SUMPRODUCT(('לידים'!$C$2:$C$501<>"")*((('לידים'!$K$2:$K$501<>"")+('לידים'!$V$2:$V$501>=3)*('לידים'!$V$2:$V$501<=10))>0)*('לידים'!$B$2:$B$501>=$A7)*('לידים'!$B$2:$B$501<$A7+7)) | D7: =SUMPRODUCT(('לידים'!$C$2:$C$501<>"")*((('לידים'!$V$2:$V$501>=4)*('לידים'!$V$2:$V$501<=10)+('לידים'!$M$2:$M$501<>""))>0)*('לידים'!$B$2:$B$501>=$A7)*('לידים'!$B$2:$B$501<$A7+7)) | E7: =SUMPRODUCT(('לידים'!$C$2:$C$501<>"")*((('לידים'!$V$2:$V$501>=5)*('לידים'!$V$2:$V$501<=10)+('לידים'!$M$2:$M$501<>""))>0)*('לידים'!$B$2:$B$501>=$A7)*('לידים'!$B$2:$B$501<$A7+7)) | F7: =SUMPRODUCT(('לידים'!$C$2:$C$501<>"")*((('לידים'!$V$2:$V$501>=6)*('לידים'!$V$2:$V$501<=10)+('לידים'!$O$2:$O$501="אושרה"))>0)*('לידים'!$B$2:$B$501>=$A7)*('לידים'!$B$2:$B$501<$A7+7)) | G7: =SUMPRODUCT(('לידים'!$C$2:$C$501<>"")*((('לידים'!$V$2:$V$501>=7)*('לידים'!$V$2:$V$501<=10)+('לידים'!$P$2:$P$501="שולם"))>0)*('לידים'!$B$2:$B$501>=$A7)*('לידים'!$B$2:$B$501<$A7+7)) | H7: =SUMPRODUCT(('לידים'!$C$2:$C$501<>"")*('לידים'!$V$2:$V$501>=9)*('לידים'!$V$2:$V$501<=10)*('לידים'!$B$2:$B$501>=$A7)*('לידים'!$B$2:$B$501<$A7+7))
A8: =TODAY()-WEEKDAY(TODAY())+1-7*2 | B8: =SUMPRODUCT(('לידים'!$C$2:$C$501<>"")*('לידים'!$B$2:$B$501>=$A8)*('לידים'!$B$2:$B$501<$A8+7)) | C8: =SUMPRODUCT(('לידים'!$C$2:$C$501<>"")*((('לידים'!$K$2:$K$501<>"")+('לידים'!$V$2:$V$501>=3)*('לידים'!$V$2:$V$501<=10))>0)*('לידים'!$B$2:$B$501>=$A8)*('לידים'!$B$2:$B$501<$A8+7)) | D8: =SUMPRODUCT(('לידים'!$C$2:$C$501<>"")*((('לידים'!$V$2:$V$501>=4)*('לידים'!$V$2:$V$501<=10)+('לידים'!$M$2:$M$501<>""))>0)*('לידים'!$B$2:$B$501>=$A8)*('לידים'!$B$2:$B$501<$A8+7)) | E8: =SUMPRODUCT(('לידים'!$C$2:$C$501<>"")*((('לידים'!$V$2:$V$501>=5)*('לידים'!$V$2:$V$501<=10)+('לידים'!$M$2:$M$501<>""))>0)*('לידים'!$B$2:$B$501>=$A8)*('לידים'!$B$2:$B$501<$A8+7)) | F8: =SUMPRODUCT(('לידים'!$C$2:$C$501<>"")*((('לידים'!$V$2:$V$501>=6)*('לידים'!$V$2:$V$501<=10)+('לידים'!$O$2:$O$501="אושרה"))>0)*('לידים'!$B$2:$B$501>=$A8)*('לידים'!$B$2:$B$501<$A8+7)) | G8: =SUMPRODUCT(('לידים'!$C$2:$C$501<>"")*((('לידים'!$V$2:$V$501>=7)*('לידים'!$V$2:$V$501<=10)+('לידים'!$P$2:$P$501="שולם"))>0)*('לידים'!$B$2:$B$501>=$A8)*('לידים'!$B$2:$B$501<$A8+7)) | H8: =SUMPRODUCT(('לידים'!$C$2:$C$501<>"")*('לידים'!$V$2:$V$501>=9)*('לידים'!$V$2:$V$501<=10)*('לידים'!$B$2:$B$501>=$A8)*('לידים'!$B$2:$B$501<$A8+7))
A9: =TODAY()-WEEKDAY(TODAY())+1-7*3 | B9: =SUMPRODUCT(('לידים'!$C$2:$C$501<>"")*('לידים'!$B$2:$B$501>=$A9)*('לידים'!$B$2:$B$501<$A9+7)) | C9: =SUMPRODUCT(('לידים'!$C$2:$C$501<>"")*((('לידים'!$K$2:$K$501<>"")+('לידים'!$V$2:$V$501>=3)*('לידים'!$V$2:$V$501<=10))>0)*('לידים'!$B$2:$B$501>=$A9)*('לידים'!$B$2:$B$501<$A9+7)) | D9: =SUMPRODUCT(('לידים'!$C$2:$C$501<>"")*((('לידים'!$V$2:$V$501>=4)*('לידים'!$V$2:$V$501<=10)+('לידים'!$M$2:$M$501<>""))>0)*('לידים'!$B$2:$B$501>=$A9)*('לידים'!$B$2:$B$501<$A9+7)) | E9: =SUMPRODUCT(('לידים'!$C$2:$C$501<>"")*((('לידים'!$V$2:$V$501>=5)*('לידים'!$V$2:$V$501<=10)+('לידים'!$M$2:$M$501<>""))>0)*('לידים'!$B$2:$B$501>=$A9)*('לידים'!$B$2:$B$501<$A9+7)) | F9: =SUMPRODUCT(('לידים'!$C$2:$C$501<>"")*((('לידים'!$V$2:$V$501>=6)*('לידים'!$V$2:$V$501<=10)+('לידים'!$O$2:$O$501="אושרה"))>0)*('לידים'!$B$2:$B$501>=$A9)*('לידים'!$B$2:$B$501<$A9+7)) | G9: =SUMPRODUCT(('לידים'!$C$2:$C$501<>"")*((('לידים'!$V$2:$V$501>=7)*('לידים'!$V$2:$V$501<=10)+('לידים'!$P$2:$P$501="שולם"))>0)*('לידים'!$B$2:$B$501>=$A9)*('לידים'!$B$2:$B$501<$A9+7)) | H9: =SUMPRODUCT(('לידים'!$C$2:$C$501<>"")*('לידים'!$V$2:$V$501>=9)*('לידים'!$V$2:$V$501<=10)*('לידים'!$B$2:$B$501>=$A9)*('לידים'!$B$2:$B$501<$A9+7))
A10: =TODAY()-WEEKDAY(TODAY())+1-7*4 | B10: =SUMPRODUCT(('לידים'!$C$2:$C$501<>"")*('לידים'!$B$2:$B$501>=$A10)*('לידים'!$B$2:$B$501<$A10+7)) | C10: =SUMPRODUCT(('לידים'!$C$2:$C$501<>"")*((('לידים'!$K$2:$K$501<>"")+('לידים'!$V$2:$V$501>=3)*('לידים'!$V$2:$V$501<=10))>0)*('לידים'!$B$2:$B$501>=$A10)*('לידים'!$B$2:$B$501<$A10+7)) | D10: =SUMPRODUCT(('לידים'!$C$2:$C$501<>"")*((('לידים'!$V$2:$V$501>=4)*('לידים'!$V$2:$V$501<=10)+('לידים'!$M$2:$M$501<>""))>0)*('לידים'!$B$2:$B$501>=$A10)*('לידים'!$B$2:$B$501<$A10+7)) | E10: =SUMPRODUCT(('לידים'!$C$2:$C$501<>"")*((('לידים'!$V$2:$V$501>=5)*('לידים'!$V$2:$V$501<=10)+('לידים'!$M$2:$M$501<>""))>0)*('לידים'!$B$2:$B$501>=$A10)*('לידים'!$B$2:$B$501<$A10+7)) | F10: =SUMPRODUCT(('לידים'!$C$2:$C$501<>"")*((('לידים'!$V$2:$V$501>=6)*('לידים'!$V$2:$V$501<=10)+('לידים'!$O$2:$O$501="אושרה"))>0)*('לידים'!$B$2:$B$501>=$A10)*('לידים'!$B$2:$B$501<$A10+7)) | G10: =SUMPRODUCT(('לידים'!$C$2:$C$501<>"")*((('לידים'!$V$2:$V$501>=7)*('לידים'!$V$2:$V$501<=10)+('לידים'!$P$2:$P$501="שולם"))>0)*('לידים'!$B$2:$B$501>=$A10)*('לידים'!$B$2:$B$501<$A10+7)) | H10: =SUMPRODUCT(('לידים'!$C$2:$C$501<>"")*('לידים'!$V$2:$V$501>=9)*('לידים'!$V$2:$V$501<=10)*('לידים'!$B$2:$B$501>=$A10)*('לידים'!$B$2:$B$501<$A10+7))
A11: =TODAY()-WEEKDAY(TODAY())+1-7*5 | B11: =SUMPRODUCT(('לידים'!$C$2:$C$501<>"")*('לידים'!$B$2:$B$501>=$A11)*('לידים'!$B$2:$B$501<$A11+7)) | C11: =SUMPRODUCT(('לידים'!$C$2:$C$501<>"")*((('לידים'!$K$2:$K$501<>"")+('לידים'!$V$2:$V$501>=3)*('לידים'!$V$2:$V$501<=10))>0)*('לידים'!$B$2:$B$501>=$A11)*('לידים'!$B$2:$B$501<$A11+7)) | D11: =SUMPRODUCT(('לידים'!$C$2:$C$501<>"")*((('לידים'!$V$2:$V$501>=4)*('לידים'!$V$2:$V$501<=10)+('לידים'!$M$2:$M$501<>""))>0)*('לידים'!$B$2:$B$501>=$A11)*('לידים'!$B$2:$B$501<$A11+7)) | E11: =SUMPRODUCT(('לידים'!$C$2:$C$501<>"")*((('לידים'!$V$2:$V$501>=5)*('לידים'!$V$2:$V$501<=10)+('לידים'!$M$2:$M$501<>""))>0)*('לידים'!$B$2:$B$501>=$A11)*('לידים'!$B$2:$B$501<$A11+7)) | F11: =SUMPRODUCT(('לידים'!$C$2:$C$501<>"")*((('לידים'!$V$2:$V$501>=6)*('לידים'!$V$2:$V$501<=10)+('לידים'!$O$2:$O$501="אושרה"))>0)*('לידים'!$B$2:$B$501>=$A11)*('לידים'!$B$2:$B$501<$A11+7)) | G11: =SUMPRODUCT(('לידים'!$C$2:$C$501<>"")*((('לידים'!$V$2:$V$501>=7)*('לידים'!$V$2:$V$501<=10)+('לידים'!$P$2:$P$501="שולם"))>0)*('לידים'!$B$2:$B$501>=$A11)*('לידים'!$B$2:$B$501<$A11+7)) | H11: =SUMPRODUCT(('לידים'!$C$2:$C$501<>"")*('לידים'!$V$2:$V$501>=9)*('לידים'!$V$2:$V$501<=10)*('לידים'!$B$2:$B$501>=$A11)*('לידים'!$B$2:$B$501<$A11+7))
A12: =TODAY()-WEEKDAY(TODAY())+1-7*6 | B12: =SUMPRODUCT(('לידים'!$C$2:$C$501<>"")*('לידים'!$B$2:$B$501>=$A12)*('לידים'!$B$2:$B$501<$A12+7)) | C12: =SUMPRODUCT(('לידים'!$C$2:$C$501<>"")*((('לידים'!$K$2:$K$501<>"")+('לידים'!$V$2:$V$501>=3)*('לידים'!$V$2:$V$501<=10))>0)*('לידים'!$B$2:$B$501>=$A12)*('לידים'!$B$2:$B$501<$A12+7)) | D12: =SUMPRODUCT(('לידים'!$C$2:$C$501<>"")*((('לידים'!$V$2:$V$501>=4)*('לידים'!$V$2:$V$501<=10)+('לידים'!$M$2:$M$501<>""))>0)*('לידים'!$B$2:$B$501>=$A12)*('לידים'!$B$2:$B$501<$A12+7)) | E12: =SUMPRODUCT(('לידים'!$C$2:$C$501<>"")*((('לידים'!$V$2:$V$501>=5)*('לידים'!$V$2:$V$501<=10)+('לידים'!$M$2:$M$501<>""))>0)*('לידים'!$B$2:$B$501>=$A12)*('לידים'!$B$2:$B$501<$A12+7)) | F12: =SUMPRODUCT(('לידים'!$C$2:$C$501<>"")*((('לידים'!$V$2:$V$501>=6)*('לידים'!$V$2:$V$501<=10)+('לידים'!$O$2:$O$501="אושרה"))>0)*('לידים'!$B$2:$B$501>=$A12)*('לידים'!$B$2:$B$501<$A12+7)) | G12: =SUMPRODUCT(('לידים'!$C$2:$C$501<>"")*((('לידים'!$V$2:$V$501>=7)*('לידים'!$V$2:$V$501<=10)+('לידים'!$P$2:$P$501="שולם"))>0)*('לידים'!$B$2:$B$501>=$A12)*('לידים'!$B$2:$B$501<$A12+7)) | H12: =SUMPRODUCT(('לידים'!$C$2:$C$501<>"")*('לידים'!$V$2:$V$501>=9)*('לידים'!$V$2:$V$501<=10)*('לידים'!$B$2:$B$501>=$A12)*('לידים'!$B$2:$B$501<$A12+7))
A13: =TODAY()-WEEKDAY(TODAY())+1-7*7 | B13: =SUMPRODUCT(('לידים'!$C$2:$C$501<>"")*('לידים'!$B$2:$B$501>=$A13)*('לידים'!$B$2:$B$501<$A13+7)) | C13: =SUMPRODUCT(('לידים'!$C$2:$C$501<>"")*((('לידים'!$K$2:$K$501<>"")+('לידים'!$V$2:$V$501>=3)*('לידים'!$V$2:$V$501<=10))>0)*('לידים'!$B$2:$B$501>=$A13)*('לידים'!$B$2:$B$501<$A13+7)) | D13: =SUMPRODUCT(('לידים'!$C$2:$C$501<>"")*((('לידים'!$V$2:$V$501>=4)*('לידים'!$V$2:$V$501<=10)+('לידים'!$M$2:$M$501<>""))>0)*('לידים'!$B$2:$B$501>=$A13)*('לידים'!$B$2:$B$501<$A13+7)) | E13: =SUMPRODUCT(('לידים'!$C$2:$C$501<>"")*((('לידים'!$V$2:$V$501>=5)*('לידים'!$V$2:$V$501<=10)+('לידים'!$M$2:$M$501<>""))>0)*('לידים'!$B$2:$B$501>=$A13)*('לידים'!$B$2:$B$501<$A13+7)) | F13: =SUMPRODUCT(('לידים'!$C$2:$C$501<>"")*((('לידים'!$V$2:$V$501>=6)*('לידים'!$V$2:$V$501<=10)+('לידים'!$O$2:$O$501="אושרה"))>0)*('לידים'!$B$2:$B$501>=$A13)*('לידים'!$B$2:$B$501<$A13+7)) | G13: =SUMPRODUCT(('לידים'!$C$2:$C$501<>"")*((('לידים'!$V$2:$V$501>=7)*('לידים'!$V$2:$V$501<=10)+('לידים'!$P$2:$P$501="שולם"))>0)*('לידים'!$B$2:$B$501>=$A13)*('לידים'!$B$2:$B$501<$A13+7)) | H13: =SUMPRODUCT(('לידים'!$C$2:$C$501<>"")*('לידים'!$V$2:$V$501>=9)*('לידים'!$V$2:$V$501<=10)*('לידים'!$B$2:$B$501>=$A13)*('לידים'!$B$2:$B$501<$A13+7))
A14: =TODAY()-WEEKDAY(TODAY())+1-7*8 | B14: =SUMPRODUCT(('לידים'!$C$2:$C$501<>"")*('לידים'!$B$2:$B$501>=$A14)*('לידים'!$B$2:$B$501<$A14+7)) | C14: =SUMPRODUCT(('לידים'!$C$2:$C$501<>"")*((('לידים'!$K$2:$K$501<>"")+('לידים'!$V$2:$V$501>=3)*('לידים'!$V$2:$V$501<=10))>0)*('לידים'!$B$2:$B$501>=$A14)*('לידים'!$B$2:$B$501<$A14+7)) | D14: =SUMPRODUCT(('לידים'!$C$2:$C$501<>"")*((('לידים'!$V$2:$V$501>=4)*('לידים'!$V$2:$V$501<=10)+('לידים'!$M$2:$M$501<>""))>0)*('לידים'!$B$2:$B$501>=$A14)*('לידים'!$B$2:$B$501<$A14+7)) | E14: =SUMPRODUCT(('לידים'!$C$2:$C$501<>"")*((('לידים'!$V$2:$V$501>=5)*('לידים'!$V$2:$V$501<=10)+('לידים'!$M$2:$M$501<>""))>0)*('לידים'!$B$2:$B$501>=$A14)*('לידים'!$B$2:$B$501<$A14+7)) | F14: =SUMPRODUCT(('לידים'!$C$2:$C$501<>"")*((('לידים'!$V$2:$V$501>=6)*('לידים'!$V$2:$V$501<=10)+('לידים'!$O$2:$O$501="אושרה"))>0)*('לידים'!$B$2:$B$501>=$A14)*('לידים'!$B$2:$B$501<$A14+7)) | G14: =SUMPRODUCT(('לידים'!$C$2:$C$501<>"")*((('לידים'!$V$2:$V$501>=7)*('לידים'!$V$2:$V$501<=10)+('לידים'!$P$2:$P$501="שולם"))>0)*('לידים'!$B$2:$B$501>=$A14)*('לידים'!$B$2:$B$501<$A14+7)) | H14: =SUMPRODUCT(('לידים'!$C$2:$C$501<>"")*('לידים'!$V$2:$V$501>=9)*('לידים'!$V$2:$V$501<=10)*('לידים'!$B$2:$B$501>=$A14)*('לידים'!$B$2:$B$501<$A14+7))
A15: =TODAY()-WEEKDAY(TODAY())+1-7*9 | B15: =SUMPRODUCT(('לידים'!$C$2:$C$501<>"")*('לידים'!$B$2:$B$501>=$A15)*('לידים'!$B$2:$B$501<$A15+7)) | C15: =SUMPRODUCT(('לידים'!$C$2:$C$501<>"")*((('לידים'!$K$2:$K$501<>"")+('לידים'!$V$2:$V$501>=3)*('לידים'!$V$2:$V$501<=10))>0)*('לידים'!$B$2:$B$501>=$A15)*('לידים'!$B$2:$B$501<$A15+7)) | D15: =SUMPRODUCT(('לידים'!$C$2:$C$501<>"")*((('לידים'!$V$2:$V$501>=4)*('לידים'!$V$2:$V$501<=10)+('לידים'!$M$2:$M$501<>""))>0)*('לידים'!$B$2:$B$501>=$A15)*('לידים'!$B$2:$B$501<$A15+7)) | E15: =SUMPRODUCT(('לידים'!$C$2:$C$501<>"")*((('לידים'!$V$2:$V$501>=5)*('לידים'!$V$2:$V$501<=10)+('לידים'!$M$2:$M$501<>""))>0)*('לידים'!$B$2:$B$501>=$A15)*('לידים'!$B$2:$B$501<$A15+7)) | F15: =SUMPRODUCT(('לידים'!$C$2:$C$501<>"")*((('לידים'!$V$2:$V$501>=6)*('לידים'!$V$2:$V$501<=10)+('לידים'!$O$2:$O$501="אושרה"))>0)*('לידים'!$B$2:$B$501>=$A15)*('לידים'!$B$2:$B$501<$A15+7)) | G15: =SUMPRODUCT(('לידים'!$C$2:$C$501<>"")*((('לידים'!$V$2:$V$501>=7)*('לידים'!$V$2:$V$501<=10)+('לידים'!$P$2:$P$501="שולם"))>0)*('לידים'!$B$2:$B$501>=$A15)*('לידים'!$B$2:$B$501<$A15+7)) | H15: =SUMPRODUCT(('לידים'!$C$2:$C$501<>"")*('לידים'!$V$2:$V$501>=9)*('לידים'!$V$2:$V$501<=10)*('לידים'!$B$2:$B$501>=$A15)*('לידים'!$B$2:$B$501<$A15+7))
A16: =TODAY()-WEEKDAY(TODAY())+1-7*10 | B16: =SUMPRODUCT(('לידים'!$C$2:$C$501<>"")*('לידים'!$B$2:$B$501>=$A16)*('לידים'!$B$2:$B$501<$A16+7)) | C16: =SUMPRODUCT(('לידים'!$C$2:$C$501<>"")*((('לידים'!$K$2:$K$501<>"")+('לידים'!$V$2:$V$501>=3)*('לידים'!$V$2:$V$501<=10))>0)*('לידים'!$B$2:$B$501>=$A16)*('לידים'!$B$2:$B$501<$A16+7)) | D16: =SUMPRODUCT(('לידים'!$C$2:$C$501<>"")*((('לידים'!$V$2:$V$501>=4)*('לידים'!$V$2:$V$501<=10)+('לידים'!$M$2:$M$501<>""))>0)*('לידים'!$B$2:$B$501>=$A16)*('לידים'!$B$2:$B$501<$A16+7)) | E16: =SUMPRODUCT(('לידים'!$C$2:$C$501<>"")*((('לידים'!$V$2:$V$501>=5)*('לידים'!$V$2:$V$501<=10)+('לידים'!$M$2:$M$501<>""))>0)*('לידים'!$B$2:$B$501>=$A16)*('לידים'!$B$2:$B$501<$A16+7)) | F16: =SUMPRODUCT(('לידים'!$C$2:$C$501<>"")*((('לידים'!$V$2:$V$501>=6)*('לידים'!$V$2:$V$501<=10)+('לידים'!$O$2:$O$501="אושרה"))>0)*('לידים'!$B$2:$B$501>=$A16)*('לידים'!$B$2:$B$501<$A16+7)) | G16: =SUMPRODUCT(('לידים'!$C$2:$C$501<>"")*((('לידים'!$V$2:$V$501>=7)*('לידים'!$V$2:$V$501<=10)+('לידים'!$P$2:$P$501="שולם"))>0)*('לידים'!$B$2:$B$501>=$A16)*('לידים'!$B$2:$B$501<$A16+7)) | H16: =SUMPRODUCT(('לידים'!$C$2:$C$501<>"")*('לידים'!$V$2:$V$501>=9)*('לידים'!$V$2:$V$501<=10)*('לידים'!$B$2:$B$501>=$A16)*('לידים'!$B$2:$B$501<$A16+7))
A17: =TODAY()-WEEKDAY(TODAY())+1-7*11 | B17: =SUMPRODUCT(('לידים'!$C$2:$C$501<>"")*('לידים'!$B$2:$B$501>=$A17)*('לידים'!$B$2:$B$501<$A17+7)) | C17: =SUMPRODUCT(('לידים'!$C$2:$C$501<>"")*((('לידים'!$K$2:$K$501<>"")+('לידים'!$V$2:$V$501>=3)*('לידים'!$V$2:$V$501<=10))>0)*('לידים'!$B$2:$B$501>=$A17)*('לידים'!$B$2:$B$501<$A17+7)) | D17: =SUMPRODUCT(('לידים'!$C$2:$C$501<>"")*((('לידים'!$V$2:$V$501>=4)*('לידים'!$V$2:$V$501<=10)+('לידים'!$M$2:$M$501<>""))>0)*('לידים'!$B$2:$B$501>=$A17)*('לידים'!$B$2:$B$501<$A17+7)) | E17: =SUMPRODUCT(('לידים'!$C$2:$C$501<>"")*((('לידים'!$V$2:$V$501>=5)*('לידים'!$V$2:$V$501<=10)+('לידים'!$M$2:$M$501<>""))>0)*('לידים'!$B$2:$B$501>=$A17)*('לידים'!$B$2:$B$501<$A17+7)) | F17: =SUMPRODUCT(('לידים'!$C$2:$C$501<>"")*((('לידים'!$V$2:$V$501>=6)*('לידים'!$V$2:$V$501<=10)+('לידים'!$O$2:$O$501="אושרה"))>0)*('לידים'!$B$2:$B$501>=$A17)*('לידים'!$B$2:$B$501<$A17+7)) | G17: =SUMPRODUCT(('לידים'!$C$2:$C$501<>"")*((('לידים'!$V$2:$V$501>=7)*('לידים'!$V$2:$V$501<=10)+('לידים'!$P$2:$P$501="שולם"))>0)*('לידים'!$B$2:$B$501>=$A17)*('לידים'!$B$2:$B$501<$A17+7)) | H17: =SUMPRODUCT(('לידים'!$C$2:$C$501<>"")*('לידים'!$V$2:$V$501>=9)*('לידים'!$V$2:$V$501<=10)*('לידים'!$B$2:$B$501>=$A17)*('לידים'!$B$2:$B$501<$A17+7))
A18: סה״כ מאז ההתחלה | B18: =SUMPRODUCT(('לידים'!$C$2:$C$501<>"")) | C18: =SUMPRODUCT(('לידים'!$C$2:$C$501<>"")*((('לידים'!$K$2:$K$501<>"")+('לידים'!$V$2:$V$501>=3)*('לידים'!$V$2:$V$501<=10))>0)) | D18: =SUMPRODUCT(('לידים'!$C$2:$C$501<>"")*((('לידים'!$V$2:$V$501>=4)*('לידים'!$V$2:$V$501<=10)+('לידים'!$M$2:$M$501<>""))>0)) | E18: =SUMPRODUCT(('לידים'!$C$2:$C$501<>"")*((('לידים'!$V$2:$V$501>=5)*('לידים'!$V$2:$V$501<=10)+('לידים'!$M$2:$M$501<>""))>0)) | F18: =SUMPRODUCT(('לידים'!$C$2:$C$501<>"")*((('לידים'!$V$2:$V$501>=6)*('לידים'!$V$2:$V$501<=10)+('לידים'!$O$2:$O$501="אושרה"))>0)) | G18: =SUMPRODUCT(('לידים'!$C$2:$C$501<>"")*((('לידים'!$V$2:$V$501>=7)*('לידים'!$V$2:$V$501<=10)+('לידים'!$P$2:$P$501="שולם"))>0)) | H18: =SUMPRODUCT(('לידים'!$C$2:$C$501<>"")*('לידים'!$V$2:$V$501>=9)*('לידים'!$V$2:$V$501<=10))
A19: אחוז מהלידים | B19: =IF($B$18=0,"",B18/$B$18) | C19: =IF($B$18=0,"",C18/$B$18) | D19: =IF($B$18=0,"",D18/$B$18) | E19: =IF($B$18=0,"",E18/$B$18) | F19: =IF($B$18=0,"",F18/$B$18) | G19: =IF($B$18=0,"",G18/$B$18) | H19: =IF($B$18=0,"",H18/$B$18)
A22: לפי מקור (מאז ההתחלה)
A23: מקור | B23: לידים | C23: שיחות נקבעו | D23: שיחות התקיימו | E23: הצעות נשלחו | F23: נסגרו (אושרה) | G23: שולמו | H23: באוויר
A24: ='רשימות'!$B$2 | B24: =SUMPRODUCT(('לידים'!$C$2:$C$501<>"")*('לידים'!$E$2:$E$501=$A24)) | C24: =SUMPRODUCT(('לידים'!$C$2:$C$501<>"")*((('לידים'!$K$2:$K$501<>"")+('לידים'!$V$2:$V$501>=3)*('לידים'!$V$2:$V$501<=10))>0)*('לידים'!$E$2:$E$501=$A24)) | D24: =SUMPRODUCT(('לידים'!$C$2:$C$501<>"")*((('לידים'!$V$2:$V$501>=4)*('לידים'!$V$2:$V$501<=10)+('לידים'!$M$2:$M$501<>""))>0)*('לידים'!$E$2:$E$501=$A24)) | E24: =SUMPRODUCT(('לידים'!$C$2:$C$501<>"")*((('לידים'!$V$2:$V$501>=5)*('לידים'!$V$2:$V$501<=10)+('לידים'!$M$2:$M$501<>""))>0)*('לידים'!$E$2:$E$501=$A24)) | F24: =SUMPRODUCT(('לידים'!$C$2:$C$501<>"")*((('לידים'!$V$2:$V$501>=6)*('לידים'!$V$2:$V$501<=10)+('לידים'!$O$2:$O$501="אושרה"))>0)*('לידים'!$E$2:$E$501=$A24)) | G24: =SUMPRODUCT(('לידים'!$C$2:$C$501<>"")*((('לידים'!$V$2:$V$501>=7)*('לידים'!$V$2:$V$501<=10)+('לידים'!$P$2:$P$501="שולם"))>0)*('לידים'!$E$2:$E$501=$A24)) | H24: =SUMPRODUCT(('לידים'!$C$2:$C$501<>"")*('לידים'!$V$2:$V$501>=9)*('לידים'!$V$2:$V$501<=10)*('לידים'!$E$2:$E$501=$A24))
A25: ='רשימות'!$B$3 | B25: =SUMPRODUCT(('לידים'!$C$2:$C$501<>"")*('לידים'!$E$2:$E$501=$A25)) | C25: =SUMPRODUCT(('לידים'!$C$2:$C$501<>"")*((('לידים'!$K$2:$K$501<>"")+('לידים'!$V$2:$V$501>=3)*('לידים'!$V$2:$V$501<=10))>0)*('לידים'!$E$2:$E$501=$A25)) | D25: =SUMPRODUCT(('לידים'!$C$2:$C$501<>"")*((('לידים'!$V$2:$V$501>=4)*('לידים'!$V$2:$V$501<=10)+('לידים'!$M$2:$M$501<>""))>0)*('לידים'!$E$2:$E$501=$A25)) | E25: =SUMPRODUCT(('לידים'!$C$2:$C$501<>"")*((('לידים'!$V$2:$V$501>=5)*('לידים'!$V$2:$V$501<=10)+('לידים'!$M$2:$M$501<>""))>0)*('לידים'!$E$2:$E$501=$A25)) | F25: =SUMPRODUCT(('לידים'!$C$2:$C$501<>"")*((('לידים'!$V$2:$V$501>=6)*('לידים'!$V$2:$V$501<=10)+('לידים'!$O$2:$O$501="אושרה"))>0)*('לידים'!$E$2:$E$501=$A25)) | G25: =SUMPRODUCT(('לידים'!$C$2:$C$501<>"")*((('לידים'!$V$2:$V$501>=7)*('לידים'!$V$2:$V$501<=10)+('לידים'!$P$2:$P$501="שולם"))>0)*('לידים'!$E$2:$E$501=$A25)) | H25: =SUMPRODUCT(('לידים'!$C$2:$C$501<>"")*('לידים'!$V$2:$V$501>=9)*('לידים'!$V$2:$V$501<=10)*('לידים'!$E$2:$E$501=$A25))
A26: ='רשימות'!$B$4 | B26: =SUMPRODUCT(('לידים'!$C$2:$C$501<>"")*('לידים'!$E$2:$E$501=$A26)) | C26: =SUMPRODUCT(('לידים'!$C$2:$C$501<>"")*((('לידים'!$K$2:$K$501<>"")+('לידים'!$V$2:$V$501>=3)*('לידים'!$V$2:$V$501<=10))>0)*('לידים'!$E$2:$E$501=$A26)) | D26: =SUMPRODUCT(('לידים'!$C$2:$C$501<>"")*((('לידים'!$V$2:$V$501>=4)*('לידים'!$V$2:$V$501<=10)+('לידים'!$M$2:$M$501<>""))>0)*('לידים'!$E$2:$E$501=$A26)) | E26: =SUMPRODUCT(('לידים'!$C$2:$C$501<>"")*((('לידים'!$V$2:$V$501>=5)*('לידים'!$V$2:$V$501<=10)+('לידים'!$M$2:$M$501<>""))>0)*('לידים'!$E$2:$E$501=$A26)) | F26: =SUMPRODUCT(('לידים'!$C$2:$C$501<>"")*((('לידים'!$V$2:$V$501>=6)*('לידים'!$V$2:$V$501<=10)+('לידים'!$O$2:$O$501="אושרה"))>0)*('לידים'!$E$2:$E$501=$A26)) | G26: =SUMPRODUCT(('לידים'!$C$2:$C$501<>"")*((('לידים'!$V$2:$V$501>=7)*('לידים'!$V$2:$V$501<=10)+('לידים'!$P$2:$P$501="שולם"))>0)*('לידים'!$E$2:$E$501=$A26)) | H26: =SUMPRODUCT(('לידים'!$C$2:$C$501<>"")*('לידים'!$V$2:$V$501>=9)*('לידים'!$V$2:$V$501<=10)*('לידים'!$E$2:$E$501=$A26))
A27: ='רשימות'!$B$5 | B27: =SUMPRODUCT(('לידים'!$C$2:$C$501<>"")*('לידים'!$E$2:$E$501=$A27)) | C27: =SUMPRODUCT(('לידים'!$C$2:$C$501<>"")*((('לידים'!$K$2:$K$501<>"")+('לידים'!$V$2:$V$501>=3)*('לידים'!$V$2:$V$501<=10))>0)*('לידים'!$E$2:$E$501=$A27)) | D27: =SUMPRODUCT(('לידים'!$C$2:$C$501<>"")*((('לידים'!$V$2:$V$501>=4)*('לידים'!$V$2:$V$501<=10)+('לידים'!$M$2:$M$501<>""))>0)*('לידים'!$E$2:$E$501=$A27)) | E27: =SUMPRODUCT(('לידים'!$C$2:$C$501<>"")*((('לידים'!$V$2:$V$501>=5)*('לידים'!$V$2:$V$501<=10)+('לידים'!$M$2:$M$501<>""))>0)*('לידים'!$E$2:$E$501=$A27)) | F27: =SUMPRODUCT(('לידים'!$C$2:$C$501<>"")*((('לידים'!$V$2:$V$501>=6)*('לידים'!$V$2:$V$501<=10)+('לידים'!$O$2:$O$501="אושרה"))>0)*('לידים'!$E$2:$E$501=$A27)) | G27: =SUMPRODUCT(('לידים'!$C$2:$C$501<>"")*((('לידים'!$V$2:$V$501>=7)*('לידים'!$V$2:$V$501<=10)+('לידים'!$P$2:$P$501="שולם"))>0)*('לידים'!$E$2:$E$501=$A27)) | H27: =SUMPRODUCT(('לידים'!$C$2:$C$501<>"")*('לידים'!$V$2:$V$501>=9)*('לידים'!$V$2:$V$501<=10)*('לידים'!$E$2:$E$501=$A27))
A28: ='רשימות'!$B$6 | B28: =SUMPRODUCT(('לידים'!$C$2:$C$501<>"")*('לידים'!$E$2:$E$501=$A28)) | C28: =SUMPRODUCT(('לידים'!$C$2:$C$501<>"")*((('לידים'!$K$2:$K$501<>"")+('לידים'!$V$2:$V$501>=3)*('לידים'!$V$2:$V$501<=10))>0)*('לידים'!$E$2:$E$501=$A28)) | D28: =SUMPRODUCT(('לידים'!$C$2:$C$501<>"")*((('לידים'!$V$2:$V$501>=4)*('לידים'!$V$2:$V$501<=10)+('לידים'!$M$2:$M$501<>""))>0)*('לידים'!$E$2:$E$501=$A28)) | E28: =SUMPRODUCT(('לידים'!$C$2:$C$501<>"")*((('לידים'!$V$2:$V$501>=5)*('לידים'!$V$2:$V$501<=10)+('לידים'!$M$2:$M$501<>""))>0)*('לידים'!$E$2:$E$501=$A28)) | F28: =SUMPRODUCT(('לידים'!$C$2:$C$501<>"")*((('לידים'!$V$2:$V$501>=6)*('לידים'!$V$2:$V$501<=10)+('לידים'!$O$2:$O$501="אושרה"))>0)*('לידים'!$E$2:$E$501=$A28)) | G28: =SUMPRODUCT(('לידים'!$C$2:$C$501<>"")*((('לידים'!$V$2:$V$501>=7)*('לידים'!$V$2:$V$501<=10)+('לידים'!$P$2:$P$501="שולם"))>0)*('לידים'!$E$2:$E$501=$A28)) | H28: =SUMPRODUCT(('לידים'!$C$2:$C$501<>"")*('לידים'!$V$2:$V$501>=9)*('לידים'!$V$2:$V$501<=10)*('לידים'!$E$2:$E$501=$A28))
A29: ='רשימות'!$B$7 | B29: =SUMPRODUCT(('לידים'!$C$2:$C$501<>"")*('לידים'!$E$2:$E$501=$A29)) | C29: =SUMPRODUCT(('לידים'!$C$2:$C$501<>"")*((('לידים'!$K$2:$K$501<>"")+('לידים'!$V$2:$V$501>=3)*('לידים'!$V$2:$V$501<=10))>0)*('לידים'!$E$2:$E$501=$A29)) | D29: =SUMPRODUCT(('לידים'!$C$2:$C$501<>"")*((('לידים'!$V$2:$V$501>=4)*('לידים'!$V$2:$V$501<=10)+('לידים'!$M$2:$M$501<>""))>0)*('לידים'!$E$2:$E$501=$A29)) | E29: =SUMPRODUCT(('לידים'!$C$2:$C$501<>"")*((('לידים'!$V$2:$V$501>=5)*('לידים'!$V$2:$V$501<=10)+('לידים'!$M$2:$M$501<>""))>0)*('לידים'!$E$2:$E$501=$A29)) | F29: =SUMPRODUCT(('לידים'!$C$2:$C$501<>"")*((('לידים'!$V$2:$V$501>=6)*('לידים'!$V$2:$V$501<=10)+('לידים'!$O$2:$O$501="אושרה"))>0)*('לידים'!$E$2:$E$501=$A29)) | G29: =SUMPRODUCT(('לידים'!$C$2:$C$501<>"")*((('לידים'!$V$2:$V$501>=7)*('לידים'!$V$2:$V$501<=10)+('לידים'!$P$2:$P$501="שולם"))>0)*('לידים'!$E$2:$E$501=$A29)) | H29: =SUMPRODUCT(('לידים'!$C$2:$C$501<>"")*('לידים'!$V$2:$V$501>=9)*('לידים'!$V$2:$V$501<=10)*('לידים'!$E$2:$E$501=$A29))
A30: ='רשימות'!$B$8 | B30: =SUMPRODUCT(('לידים'!$C$2:$C$501<>"")*('לידים'!$E$2:$E$501=$A30)) | C30: =SUMPRODUCT(('לידים'!$C$2:$C$501<>"")*((('לידים'!$K$2:$K$501<>"")+('לידים'!$V$2:$V$501>=3)*('לידים'!$V$2:$V$501<=10))>0)*('לידים'!$E$2:$E$501=$A30)) | D30: =SUMPRODUCT(('לידים'!$C$2:$C$501<>"")*((('לידים'!$V$2:$V$501>=4)*('לידים'!$V$2:$V$501<=10)+('לידים'!$M$2:$M$501<>""))>0)*('לידים'!$E$2:$E$501=$A30)) | E30: =SUMPRODUCT(('לידים'!$C$2:$C$501<>"")*((('לידים'!$V$2:$V$501>=5)*('לידים'!$V$2:$V$501<=10)+('לידים'!$M$2:$M$501<>""))>0)*('לידים'!$E$2:$E$501=$A30)) | F30: =SUMPRODUCT(('לידים'!$C$2:$C$501<>"")*((('לידים'!$V$2:$V$501>=6)*('לידים'!$V$2:$V$501<=10)+('לידים'!$O$2:$O$501="אושרה"))>0)*('לידים'!$E$2:$E$501=$A30)) | G30: =SUMPRODUCT(('לידים'!$C$2:$C$501<>"")*((('לידים'!$V$2:$V$501>=7)*('לידים'!$V$2:$V$501<=10)+('לידים'!$P$2:$P$501="שולם"))>0)*('לידים'!$E$2:$E$501=$A30)) | H30: =SUMPRODUCT(('לידים'!$C$2:$C$501<>"")*('לידים'!$V$2:$V$501>=9)*('לידים'!$V$2:$V$501<=10)*('לידים'!$E$2:$E$501=$A30))
A31: ='רשימות'!$B$9 | B31: =SUMPRODUCT(('לידים'!$C$2:$C$501<>"")*('לידים'!$E$2:$E$501=$A31)) | C31: =SUMPRODUCT(('לידים'!$C$2:$C$501<>"")*((('לידים'!$K$2:$K$501<>"")+('לידים'!$V$2:$V$501>=3)*('לידים'!$V$2:$V$501<=10))>0)*('לידים'!$E$2:$E$501=$A31)) | D31: =SUMPRODUCT(('לידים'!$C$2:$C$501<>"")*((('לידים'!$V$2:$V$501>=4)*('לידים'!$V$2:$V$501<=10)+('לידים'!$M$2:$M$501<>""))>0)*('לידים'!$E$2:$E$501=$A31)) | E31: =SUMPRODUCT(('לידים'!$C$2:$C$501<>"")*((('לידים'!$V$2:$V$501>=5)*('לידים'!$V$2:$V$501<=10)+('לידים'!$M$2:$M$501<>""))>0)*('לידים'!$E$2:$E$501=$A31)) | F31: =SUMPRODUCT(('לידים'!$C$2:$C$501<>"")*((('לידים'!$V$2:$V$501>=6)*('לידים'!$V$2:$V$501<=10)+('לידים'!$O$2:$O$501="אושרה"))>0)*('לידים'!$E$2:$E$501=$A31)) | G31: =SUMPRODUCT(('לידים'!$C$2:$C$501<>"")*((('לידים'!$V$2:$V$501>=7)*('לידים'!$V$2:$V$501<=10)+('לידים'!$P$2:$P$501="שולם"))>0)*('לידים'!$E$2:$E$501=$A31)) | H31: =SUMPRODUCT(('לידים'!$C$2:$C$501<>"")*('לידים'!$V$2:$V$501>=9)*('לידים'!$V$2:$V$501<=10)*('לידים'!$E$2:$E$501=$A31))
A32: ='רשימות'!$B$10 | B32: =SUMPRODUCT(('לידים'!$C$2:$C$501<>"")*('לידים'!$E$2:$E$501=$A32)) | C32: =SUMPRODUCT(('לידים'!$C$2:$C$501<>"")*((('לידים'!$K$2:$K$501<>"")+('לידים'!$V$2:$V$501>=3)*('לידים'!$V$2:$V$501<=10))>0)*('לידים'!$E$2:$E$501=$A32)) | D32: =SUMPRODUCT(('לידים'!$C$2:$C$501<>"")*((('לידים'!$V$2:$V$501>=4)*('לידים'!$V$2:$V$501<=10)+('לידים'!$M$2:$M$501<>""))>0)*('לידים'!$E$2:$E$501=$A32)) | E32: =SUMPRODUCT(('לידים'!$C$2:$C$501<>"")*((('לידים'!$V$2:$V$501>=5)*('לידים'!$V$2:$V$501<=10)+('לידים'!$M$2:$M$501<>""))>0)*('לידים'!$E$2:$E$501=$A32)) | F32: =SUMPRODUCT(('לידים'!$C$2:$C$501<>"")*((('לידים'!$V$2:$V$501>=6)*('לידים'!$V$2:$V$501<=10)+('לידים'!$O$2:$O$501="אושרה"))>0)*('לידים'!$E$2:$E$501=$A32)) | G32: =SUMPRODUCT(('לידים'!$C$2:$C$501<>"")*((('לידים'!$V$2:$V$501>=7)*('לידים'!$V$2:$V$501<=10)+('לידים'!$P$2:$P$501="שולם"))>0)*('לידים'!$E$2:$E$501=$A32)) | H32: =SUMPRODUCT(('לידים'!$C$2:$C$501<>"")*('לידים'!$V$2:$V$501>=9)*('לידים'!$V$2:$V$501<=10)*('לידים'!$E$2:$E$501=$A32))
A33: ='רשימות'!$B$11 | B33: =SUMPRODUCT(('לידים'!$C$2:$C$501<>"")*('לידים'!$E$2:$E$501=$A33)) | C33: =SUMPRODUCT(('לידים'!$C$2:$C$501<>"")*((('לידים'!$K$2:$K$501<>"")+('לידים'!$V$2:$V$501>=3)*('לידים'!$V$2:$V$501<=10))>0)*('לידים'!$E$2:$E$501=$A33)) | D33: =SUMPRODUCT(('לידים'!$C$2:$C$501<>"")*((('לידים'!$V$2:$V$501>=4)*('לידים'!$V$2:$V$501<=10)+('לידים'!$M$2:$M$501<>""))>0)*('לידים'!$E$2:$E$501=$A33)) | E33: =SUMPRODUCT(('לידים'!$C$2:$C$501<>"")*((('לידים'!$V$2:$V$501>=5)*('לידים'!$V$2:$V$501<=10)+('לידים'!$M$2:$M$501<>""))>0)*('לידים'!$E$2:$E$501=$A33)) | F33: =SUMPRODUCT(('לידים'!$C$2:$C$501<>"")*((('לידים'!$V$2:$V$501>=6)*('לידים'!$V$2:$V$501<=10)+('לידים'!$O$2:$O$501="אושרה"))>0)*('לידים'!$E$2:$E$501=$A33)) | G33: =SUMPRODUCT(('לידים'!$C$2:$C$501<>"")*((('לידים'!$V$2:$V$501>=7)*('לידים'!$V$2:$V$501<=10)+('לידים'!$P$2:$P$501="שולם"))>0)*('לידים'!$E$2:$E$501=$A33)) | H33: =SUMPRODUCT(('לידים'!$C$2:$C$501<>"")*('לידים'!$V$2:$V$501>=9)*('לידים'!$V$2:$V$501<=10)*('לידים'!$E$2:$E$501=$A33))
A35: הערה: כל עוד הקישור לוואטסאפ באתר בלי טקסט מוכן (D2), רוב הלידים יהיו "לא ידוע".
A37: השעות שלי
A38: סה״כ שעות על לידים ולקוחות | B38: =SUM('לידים'!$R$2:$R$501)
A39: ממוצע שעות ללקוח שסגר | B39: =IFERROR(SUMPRODUCT(('לידים'!$V$2:$V$501>=6)*('לידים'!$V$2:$V$501<=10),'לידים'!$R$2:$R$501)/SUMPRODUCT(('לידים'!$V$2:$V$501>=6)*('לידים'!$V$2:$V$501<=10)),"")
A40: ממוצע שעות לליד שלא נסגר | B40: =IFERROR(SUMPRODUCT(('לידים'!$V$2:$V$501=11),'לידים'!$R$2:$R$501)/SUMPRODUCT(('לידים'!$V$2:$V$501=11)*1),"")
A41: ימים ממוצעים בכל שלב: יגיע בשלב 3 (אוטומציה ב-n8n שרושמת תאריך לכל מעבר שלב).

Sheet הסבר
A1: איך עובדים עם הטבלה · 5 שורות
A3: 1. כל פנייה בוואטסאפ = שורה חדשה בלשונית "לידים": תאריך, שם, טלפון, מקור, ההודעה בקצרה. מס׳ הליד נוצר לבד.
A4: 2. בכל פעם שמשהו זז, מעדכנים 3 תאים: שלב, הצעד הבא, ועד מתי. אדום = עבר התאריך, כתום = היום.
A5: 3. אחרי שיחת אפיון: תאריך שיחה, קישור לסיכום, ושלב "2b". אחרי שליחת הצעה: מס׳ הצעה וסטטוס.
A6: 4. ליד שלא ממשיך: שלב "X לא רלוונטי" וסיבה. משאירים את מס׳ ההצעה אם הייתה, כדי שהמשפך יספור נכון.
A7: 5. לשונית "משפך" מתעדכנת לבד. בלשונית "רשימות" אפשר להוסיף מקורות וסיבות. רק מה שצריך: שם, טלפון והצורך.
A10: פרטיות: זה מידע אישי של לקוחות. לא משתפים את הטבלה, לא מעתיקים אותה ל-GitHub, ושומרים רק מה שהשלב צריך.

Sheet רשימות
A1: שלב | B1: מקור | C1: מסלול | D1: למה לא המשיך | E1: סטטוס הצעה | F1: תשלום | G1: סטטוס פרויקט | H1: הסכים שאחזור אליו
A2: 0 ליד חדש | B2: אתר/דף הבית | C2: פתרון | D2: לא מתאים לשירות | E2: טיוטה | F2: עוד לא | G2: לא התחיל | H2: כן
A3: 1 בסינון | B3: אתר/פתרונות | C3: סוכן | D3: תקציב | E3: נשלחה | F3: ממתין | G3: באפיון | H3: לא
A4: 2 שיחה נקבעה | B4: אתר/למידה | C4: למידה | D4: לא עכשיו / תזמון | E4: אושרה | F4: שולם חלקית | G4: ביישום
A5: 2b שיחה התקיימה | B5: אתר/עמוד סוכן | C5: עוד לא ברור | D5: לא ענה | E5: נדחתה | F5: שולם | G5: באוויר
A6: 3 הצעה נשלחה | B6: לינקדאין | D6: בחר ספק אחר | E6: פג תוקף | G6: בתמיכה
A7: 4 ממתין לתשלום | B7: פייסבוק | D7: עושה לבד | G7: הסתיים
A8: 5 באפיון מלא | B8: וואטסאפ ישיר | D8: אחר
A9: 6 ביישום | B9: המלצה מפה לאוזן
A10: 8 באוויר | B10: אחר
A11: 9 בתמיכה | B11: לא ידוע
A12: X לא רלוונטי
A13: Z בהמתנה
A32: אפשר להוסיף ערכים בכל עמודה (עד שורה 30). את סדר השלבים בעמודה הראשונה לא משנים: המשפך נשען עליו.
